70,male,asymptomatic,130,322,0,ventricular_hypertrophy,109,no,2.4,flat,3,normal,Presence
67,female,non_anginal_pain,115,564,0,ventricular_hypertrophy,160,no,1.6,flat,0,reversable_defect,Absence
57,male,atypical_angina,124,261,0,normal,141,no,0.3,upsloping,0,reversable_defect,Presence
64,male,asymptomatic,128,263,0,normal,105,yes,0.2,flat,1,reversable_defect,Absence
74,female,atypical_angina,120,269,0,ventricular_hypertrophy,121,yes,0.2,upsloping,1,normal,Absence
65,male,asymptomatic,120,177,0,normal,140,no,0.4,upsloping,0,reversable_defect,Absence
56,male,non_anginal_pain,130,256,1,ventricular_hypertrophy,142,yes,0.6,flat,1,fixed_defect,Presence
59,male,asymptomatic,110,239,0,ventricular_hypertrophy,142,yes,1.2,flat,1,reversable_defect,Presence
60,male,asymptomatic,140,293,0,ventricular_hypertrophy,170,no,1.2,flat,2,reversable_defect,Presence
63,female,asymptomatic,150,407,0,ventricular_hypertrophy,154,no,4,flat,3,reversable_defect,Presence
59,male,asymptomatic,135,234,0,normal,161,no,0.5,flat,0,reversable_defect,Absence
53,male,asymptomatic,142,226,0,ventricular_hypertrophy,111,yes,0,upsloping,0,reversable_defect,Absence
44,male,non_anginal_pain,140,235,0,ventricular_hypertrophy,180,no,0,upsloping,0,normal,Absence
61,male,typical_angina,134,234,0,normal,145,no,2.6,flat,2,normal,Presence
57,female,asymptomatic,128,303,0,ventricular_hypertrophy,159,no,0,upsloping,1,normal,Absence
71,female,asymptomatic,112,149,0,normal,125,no,1.6,flat,0,normal,Absence
46,male,asymptomatic,140,311,0,normal,120,yes,1.8,flat,2,reversable_defect,Presence
53,male,asymptomatic,140,203,1,ventricular_hypertrophy,155,yes,3.1,downsloping,0,reversable_defect,Presence
64,male,typical_angina,110,211,0,ventricular_hypertrophy,144,yes,1.8,flat,0,normal,Absence
40,male,typical_angina,140,199,0,normal,178,yes,1.4,upsloping,0,reversable_defect,Absence
67,male,asymptomatic,120,229,0,ventricular_hypertrophy,129,yes,2.6,flat,2,reversable_defect,Presence
48,male,atypical_angina,130,245,0,ventricular_hypertrophy,180,no,0.2,flat,0,normal,Absence
43,male,asymptomatic,115,303,0,normal,181,no,1.2,flat,0,normal,Absence
47,male,asymptomatic,112,204,0,normal,143,no,0.1,upsloping,0,normal,Absence
54,female,atypical_angina,132,288,1,ventricular_hypertrophy,159,yes,0,upsloping,1,normal,Absence
48,female,non_anginal_pain,130,275,0,normal,139,no,0.2,upsloping,0,normal,Absence
46,female,asymptomatic,138,243,0,ventricular_hypertrophy,152,yes,0,flat,0,normal,Absence
51,female,non_anginal_pain,120,295,0,ventricular_hypertrophy,157,no,0.6,upsloping,0,normal,Absence
58,male,non_anginal_pain,112,230,0,ventricular_hypertrophy,165,no,2.5,flat,1,reversable_defect,Presence
71,female,non_anginal_pain,110,265,1,ventricular_hypertrophy,130,no,0,upsloping,1,normal,Absence
57,male,non_anginal_pain,128,229,0,ventricular_hypertrophy,150,no,0.4,flat,1,reversable_defect,Presence
66,male,asymptomatic,160,228,0,ventricular_hypertrophy,138,no,2.3,upsloping,0,fixed_defect,Absence
37,female,non_anginal_pain,120,215,0,normal,170,no,0,upsloping,0,normal,Absence
59,male,asymptomatic,170,326,0,ventricular_hypertrophy,140,yes,3.4,downsloping,0,reversable_defect,Presence
50,male,asymptomatic,144,200,0,ventricular_hypertrophy,126,yes,0.9,flat,0,reversable_defect,Presence
48,male,asymptomatic,130,256,1,ventricular_hypertrophy,150,yes,0,upsloping,2,reversable_defect,Presence
61,male,asymptomatic,140,207,0,ventricular_hypertrophy,138,yes,1.9,upsloping,1,reversable_defect,Presence
59,male,typical_angina,160,273,0,ventricular_hypertrophy,125,no,0,upsloping,0,normal,Presence
42,male,non_anginal_pain,130,180,0,normal,150,no,0,upsloping,0,normal,Absence
48,male,asymptomatic,122,222,0,ventricular_hypertrophy,186,no,0,upsloping,0,normal,Absence
40,male,asymptomatic,152,223,0,normal,181,no,0,upsloping,0,reversable_defect,Presence
62,female,asymptomatic,124,209,0,normal,163,no,0,upsloping,0,normal,Absence
44,male,non_anginal_pain,130,233,0,normal,179,yes,0.4,upsloping,0,normal,Absence
46,male,atypical_angina,101,197,1,normal,156,no,0,upsloping,0,reversable_defect,Absence
59,male,non_anginal_pain,126,218,1,normal,134,no,2.2,flat,1,fixed_defect,Presence
58,male,non_anginal_pain,140,211,1,ventricular_hypertrophy,165,no,0,upsloping,0,normal,Absence
49,male,non_anginal_pain,118,149,0,ventricular_hypertrophy,126,no,0.8,upsloping,3,normal,Presence
44,male,asymptomatic,110,197,0,ventricular_hypertrophy,177,no,0,upsloping,1,normal,Presence
66,male,atypical_angina,160,246,0,normal,120,yes,0,flat,3,fixed_defect,Presence
65,female,asymptomatic,150,225,0,ventricular_hypertrophy,114,no,1,flat,3,reversable_defect,Presence
42,male,asymptomatic,136,315,0,normal,125,yes,1.8,flat,0,fixed_defect,Presence
52,male,atypical_angina,128,205,1,normal,184,no,0,upsloping,0,normal,Absence
65,female,non_anginal_pain,140,417,1,ventricular_hypertrophy,157,no,0.8,upsloping,1,normal,Absence
63,female,atypical_angina,140,195,0,normal,179,no,0,upsloping,2,normal,Absence
45,female,atypical_angina,130,234,0,ventricular_hypertrophy,175,no,0.6,flat,0,normal,Absence
41,female,atypical_angina,105,198,0,normal,168,no,0,upsloping,1,normal,Absence
61,male,asymptomatic,138,166,0,ventricular_hypertrophy,125,yes,3.6,flat,1,normal,Presence
60,female,non_anginal_pain,120,178,1,normal,96,no,0,upsloping,0,normal,Absence
59,female,asymptomatic,174,249,0,normal,143,yes,0,flat,0,normal,Presence
62,male,atypical_angina,120,281,0,ventricular_hypertrophy,103,no,1.4,flat,1,reversable_defect,Presence
57,male,non_anginal_pain,150,126,1,normal,173,no,0.2,upsloping,1,reversable_defect,Absence
51,female,asymptomatic,130,305,0,normal,142,yes,1.2,flat,0,reversable_defect,Presence
44,male,non_anginal_pain,120,226,0,normal,169,no,0,upsloping,0,normal,Absence
60,female,typical_angina,150,240,0,normal,171,no,0.9,upsloping,0,normal,Absence
63,male,typical_angina,145,233,1,ventricular_hypertrophy,150,no,2.3,downsloping,0,fixed_defect,Absence
57,male,asymptomatic,150,276,0,ventricular_hypertrophy,112,yes,0.6,flat,1,fixed_defect,Presence
51,male,asymptomatic,140,261,0,ventricular_hypertrophy,186,yes,0,upsloping,0,normal,Absence
58,female,atypical_angina,136,319,1,ventricular_hypertrophy,152,no,0,upsloping,2,normal,Presence
44,female,non_anginal_pain,118,242,0,normal,149,no,0.3,flat,1,normal,Absence
47,male,non_anginal_pain,108,243,0,normal,152,no,0,upsloping,0,normal,Presence
61,male,asymptomatic,120,260,0,normal,140,yes,3.6,flat,1,reversable_defect,Presence
57,female,asymptomatic,120,354,0,normal,163,yes,0.6,upsloping,0,normal,Absence
70,male,atypical_angina,156,245,0,ventricular_hypertrophy,143,no,0,upsloping,0,normal,Absence
76,female,non_anginal_pain,140,197,0,wave_abnormality,116,no,1.1,flat,0,normal,Absence
67,female,asymptomatic,106,223,0,normal,142,no,0.3,upsloping,2,normal,Absence
45,male,asymptomatic,142,309,0,ventricular_hypertrophy,147,yes,0,flat,3,reversable_defect,Presence
45,male,asymptomatic,104,208,0,ventricular_hypertrophy,148,yes,3,flat,0,normal,Absence
39,female,non_anginal_pain,94,199,0,normal,179,no,0,upsloping,0,normal,Absence
42,female,non_anginal_pain,120,209,0,normal,173,no,0,flat,0,normal,Absence
56,male,atypical_angina,120,236,0,normal,178,no,0.8,upsloping,0,normal,Absence
58,male,asymptomatic,146,218,0,normal,105,no,2,flat,1,reversable_defect,Presence
35,male,asymptomatic,120,198,0,normal,130,yes,1.6,flat,0,reversable_defect,Presence
58,male,asymptomatic,150,270,0,ventricular_hypertrophy,111,yes,0.8,upsloping,0,reversable_defect,Presence
41,male,non_anginal_pain,130,214,0,ventricular_hypertrophy,168,no,2,flat,0,normal,Absence
57,male,asymptomatic,110,201,0,normal,126,yes,1.5,flat,0,fixed_defect,Absence
42,male,typical_angina,148,244,0,ventricular_hypertrophy,178,no,0.8,upsloping,2,normal,Absence
62,male,atypical_angina,128,208,1,ventricular_hypertrophy,140,no,0,upsloping,0,normal,Absence
59,male,typical_angina,178,270,0,ventricular_hypertrophy,145,no,4.2,downsloping,0,reversable_defect,Absence
41,female,atypical_angina,126,306,0,normal,163,no,0,upsloping,0,normal,Absence
50,male,asymptomatic,150,243,0,ventricular_hypertrophy,128,no,2.6,flat,0,reversable_defect,Presence
59,male,atypical_angina,140,221,0,normal,164,yes,0,upsloping,0,normal,Absence
61,female,asymptomatic,130,330,0,ventricular_hypertrophy,169,no,0,upsloping,0,normal,Presence
54,male,asymptomatic,124,266,0,ventricular_hypertrophy,109,yes,2.2,flat,1,reversable_defect,Presence
54,male,asymptomatic,110,206,0,ventricular_hypertrophy,108,yes,0,flat,1,normal,Presence
52,male,asymptomatic,125,212,0,normal,168,no,1,upsloping,2,reversable_defect,Presence
47,male,asymptomatic,110,275,0,ventricular_hypertrophy,118,yes,1,flat,1,normal,Presence
66,male,asymptomatic,120,302,0,ventricular_hypertrophy,151,no,0.4,flat,0,normal,Absence
58,male,asymptomatic,100,234,0,normal,156,no,0.1,upsloping,1,reversable_defect,Presence
64,female,non_anginal_pain,140,313,0,normal,133,no,0.2,upsloping,0,reversable_defect,Absence
50,female,atypical_angina,120,244,0,normal,162,no,1.1,upsloping,0,normal,Absence
44,female,non_anginal_pain,108,141,0,normal,175,no,0.6,flat,0,normal,Absence
67,male,asymptomatic,120,237,0,normal,71,no,1,flat,0,normal,Presence
49,female,asymptomatic,130,269,0,normal,163,no,0,upsloping,0,normal,Absence
57,male,asymptomatic,165,289,1,ventricular_hypertrophy,124,no,1,flat,3,reversable_defect,Presence
63,male,asymptomatic,130,254,0,ventricular_hypertrophy,147,no,1.4,flat,1,reversable_defect,Presence
48,male,asymptomatic,124,274,0,ventricular_hypertrophy,166,no,0.5,flat,0,reversable_defect,Presence
51,male,non_anginal_pain,100,222,0,normal,143,yes,1.2,flat,0,normal,Absence
60,female,asymptomatic,150,258,0,ventricular_hypertrophy,157,no,2.6,flat,2,reversable_defect,Presence
59,male,asymptomatic,140,177,0,normal,162,yes,0,upsloping,1,reversable_defect,Presence
45,female,atypical_angina,112,160,0,normal,138,no,0,flat,0,normal,Absence
55,female,asymptomatic,180,327,0,wave_abnormality,117,yes,3.4,flat,0,normal,Presence
41,male,atypical_angina,110,235,0,normal,153,no,0,upsloping,0,normal,Absence
60,female,asymptomatic,158,305,0,ventricular_hypertrophy,161,no,0,upsloping,0,normal,Presence
54,female,non_anginal_pain,135,304,1,normal,170,no,0,upsloping,0,normal,Absence
42,male,atypical_angina,120,295,0,normal,162,no,0,upsloping,0,normal,Absence
49,female,atypical_angina,134,271,0,normal,162,no,0,flat,0,normal,Absence
46,male,asymptomatic,120,249,0,ventricular_hypertrophy,144,no,0.8,upsloping,0,reversable_defect,Presence
56,female,asymptomatic,200,288,1,ventricular_hypertrophy,133,yes,4,downsloping,2,reversable_defect,Presence
66,female,typical_angina,150,226,0,normal,114,no,2.6,downsloping,0,normal,Absence
56,male,asymptomatic,130,283,1,ventricular_hypertrophy,103,yes,1.6,downsloping,0,reversable_defect,Presence
49,male,non_anginal_pain,120,188,0,normal,139,no,2,flat,3,reversable_defect,Presence
54,male,asymptomatic,122,286,0,ventricular_hypertrophy,116,yes,3.2,flat,2,normal,Presence
57,male,asymptomatic,152,274,0,normal,88,yes,1.2,flat,1,reversable_defect,Presence
65,female,non_anginal_pain,160,360,0,ventricular_hypertrophy,151,no,0.8,upsloping,0,normal,Absence
54,male,non_anginal_pain,125,273,0,ventricular_hypertrophy,152,no,0.5,downsloping,1,normal,Absence
54,female,non_anginal_pain,160,201,0,normal,163,no,0,upsloping,1,normal,Absence
62,male,asymptomatic,120,267,0,normal,99,yes,1.8,flat,2,reversable_defect,Presence
52,female,non_anginal_pain,136,196,0,ventricular_hypertrophy,169,no,0.1,flat,0,normal,Absence
52,male,atypical_angina,134,201,0,normal,158,no,0.8,upsloping,1,normal,Absence
60,male,asymptomatic,117,230,1,normal,160,yes,1.4,upsloping,2,reversable_defect,Presence
63,female,asymptomatic,108,269,0,normal,169,yes,1.8,flat,2,normal,Presence
66,male,asymptomatic,112,212,0,ventricular_hypertrophy,132,yes,0.1,upsloping,1,normal,Presence
42,male,asymptomatic,140,226,0,normal,178,no,0,upsloping,0,normal,Absence
64,male,asymptomatic,120,246,0,ventricular_hypertrophy,96,yes,2.2,downsloping,1,normal,Presence
54,male,non_anginal_pain,150,232,0,ventricular_hypertrophy,165,no,1.6,upsloping,0,reversable_defect,Absence
46,female,non_anginal_pain,142,177,0,ventricular_hypertrophy,160,yes,1.4,downsloping,0,normal,Absence
67,female,non_anginal_pain,152,277,0,normal,172,no,0,upsloping,1,normal,Absence
56,male,asymptomatic,125,249,1,ventricular_hypertrophy,144,yes,1.2,flat,1,normal,Presence
34,female,atypical_angina,118,210,0,normal,192,no,0.7,upsloping,0,normal,Absence
57,male,asymptomatic,132,207,0,normal,168,yes,0,upsloping,0,reversable_defect,Absence
64,male,asymptomatic,145,212,0,ventricular_hypertrophy,132,no,2,flat,2,fixed_defect,Presence
59,male,asymptomatic,138,271,0,ventricular_hypertrophy,182,no,0,upsloping,0,normal,Absence
50,male,non_anginal_pain,140,233,0,normal,163,no,0.6,flat,1,reversable_defect,Presence
51,male,typical_angina,125,213,0,ventricular_hypertrophy,125,yes,1.4,upsloping,1,normal,Absence
54,male,atypical_angina,192,283,0,ventricular_hypertrophy,195,no,0,upsloping,1,reversable_defect,Presence
53,male,asymptomatic,123,282,0,normal,95,yes,2,flat,2,reversable_defect,Presence
52,male,asymptomatic,112,230,0,normal,160,no,0,upsloping,1,normal,Presence
40,male,asymptomatic,110,167,0,ventricular_hypertrophy,114,yes,2,flat,0,reversable_defect,Presence
58,male,non_anginal_pain,132,224,0,ventricular_hypertrophy,173,no,3.2,upsloping,2,reversable_defect,Presence
41,female,non_anginal_pain,112,268,0,ventricular_hypertrophy,172,yes,0,upsloping,0,normal,Absence
41,male,non_anginal_pain,112,250,0,normal,179,no,0,upsloping,0,normal,Absence
50,female,non_anginal_pain,120,219,0,normal,158,no,1.6,flat,0,normal,Absence
54,female,non_anginal_pain,108,267,0,ventricular_hypertrophy,167,no,0,upsloping,0,normal,Absence
64,female,asymptomatic,130,303,0,normal,122,no,2,flat,2,normal,Absence
51,female,non_anginal_pain,130,256,0,ventricular_hypertrophy,149,no,0.5,upsloping,0,normal,Absence
46,female,atypical_angina,105,204,0,normal,172,no,0,upsloping,0,normal,Absence
55,male,asymptomatic,140,217,0,normal,111,yes,5.6,downsloping,0,reversable_defect,Presence
45,male,atypical_angina,128,308,0,ventricular_hypertrophy,170,no,0,upsloping,0,normal,Absence
56,male,typical_angina,120,193,0,ventricular_hypertrophy,162,no,1.9,flat,0,reversable_defect,Absence
66,female,asymptomatic,178,228,1,normal,165,yes,1,flat,2,reversable_defect,Presence
38,male,typical_angina,120,231,0,normal,182,yes,3.8,flat,0,reversable_defect,Presence
62,female,asymptomatic,150,244,0,normal,154,yes,1.4,flat,0,normal,Presence
55,male,atypical_angina,130,262,0,normal,155,no,0,upsloping,0,normal,Absence
58,male,asymptomatic,128,259,0,ventricular_hypertrophy,130,yes,3,flat,2,reversable_defect,Presence
43,male,asymptomatic,110,211,0,normal,161,no,0,upsloping,0,reversable_defect,Absence
64,female,asymptomatic,180,325,0,normal,154,yes,0,upsloping,0,normal,Absence
50,female,asymptomatic,110,254,0,ventricular_hypertrophy,159,no,0,upsloping,0,normal,Absence
53,male,non_anginal_pain,130,197,1,ventricular_hypertrophy,152,no,1.2,downsloping,0,normal,Absence
45,female,asymptomatic,138,236,0,ventricular_hypertrophy,152,yes,0.2,flat,0,normal,Absence
65,male,typical_angina,138,282,1,ventricular_hypertrophy,174,no,1.4,flat,1,normal,Presence
69,male,typical_angina,160,234,1,ventricular_hypertrophy,131,no,0.1,flat,1,normal,Absence
69,male,non_anginal_pain,140,254,0,ventricular_hypertrophy,146,no,2,flat,3,reversable_defect,Presence
67,male,asymptomatic,100,299,0,ventricular_hypertrophy,125,yes,0.9,flat,2,normal,Presence
68,female,non_anginal_pain,120,211,0,ventricular_hypertrophy,115,no,1.5,flat,0,normal,Absence
34,male,typical_angina,118,182,0,ventricular_hypertrophy,174,no,0,upsloping,0,normal,Absence
62,female,asymptomatic,138,294,1,normal,106,no,1.9,flat,3,normal,Presence
51,male,asymptomatic,140,298,0,normal,122,yes,4.2,flat,3,reversable_defect,Presence
46,male,non_anginal_pain,150,231,0,normal,147,no,3.6,flat,0,normal,Presence
67,male,asymptomatic,125,254,1,normal,163,no,0.2,flat,2,reversable_defect,Presence
50,male,non_anginal_pain,129,196,0,normal,163,no,0,upsloping,0,normal,Absence
42,male,non_anginal_pain,120,240,1,normal,194,no,0.8,downsloping,0,reversable_defect,Absence
56,female,asymptomatic,134,409,0,ventricular_hypertrophy,150,yes,1.9,flat,2,reversable_defect,Presence
41,male,asymptomatic,110,172,0,ventricular_hypertrophy,158,no,0,upsloping,0,reversable_defect,Presence
42,female,asymptomatic,102,265,0,ventricular_hypertrophy,122,no,0.6,flat,0,normal,Absence
53,male,non_anginal_pain,130,246,1,ventricular_hypertrophy,173,no,0,upsloping,3,normal,Absence
43,male,non_anginal_pain,130,315,0,normal,162,no,1.9,upsloping,1,normal,Absence
56,male,asymptomatic,132,184,0,ventricular_hypertrophy,105,yes,2.1,flat,1,fixed_defect,Presence
52,male,asymptomatic,108,233,1,normal,147,no,0.1,upsloping,3,reversable_defect,Absence
62,female,asymptomatic,140,394,0,ventricular_hypertrophy,157,no,1.2,flat,0,normal,Absence
70,male,non_anginal_pain,160,269,0,normal,112,yes,2.9,flat,1,reversable_defect,Presence
54,male,asymptomatic,140,239,0,normal,160,no,1.2,upsloping,0,normal,Absence
70,male,asymptomatic,145,174,0,normal,125,yes,2.6,downsloping,0,reversable_defect,Presence
54,male,atypical_angina,108,309,0,normal,156,no,0,upsloping,0,reversable_defect,Absence
35,male,asymptomatic,126,282,0,ventricular_hypertrophy,156,yes,0,upsloping,0,reversable_defect,Presence
48,male,non_anginal_pain,124,255,1,normal,175,no,0,upsloping,2,normal,Absence
55,female,atypical_angina,135,250,0,ventricular_hypertrophy,161,no,1.4,flat,0,normal,Absence
58,female,asymptomatic,100,248,0,ventricular_hypertrophy,122,no,1,flat,0,normal,Absence
54,female,non_anginal_pain,110,214,0,normal,158,no,1.6,flat,0,normal,Absence
69,female,typical_angina,140,239,0,normal,151,no,1.8,upsloping,2,normal,Absence
77,male,asymptomatic,125,304,0,ventricular_hypertrophy,162,yes,0,upsloping,3,normal,Presence
68,male,non_anginal_pain,118,277,0,normal,151,no,1,upsloping,1,reversable_defect,Absence
58,male,asymptomatic,125,300,0,ventricular_hypertrophy,171,no,0,upsloping,2,reversable_defect,Presence
60,male,asymptomatic,125,258,0,ventricular_hypertrophy,141,yes,2.8,flat,1,reversable_defect,Presence
51,male,asymptomatic,140,299,0,normal,173,yes,1.6,upsloping,0,reversable_defect,Presence
55,male,asymptomatic,160,289,0,ventricular_hypertrophy,145,yes,0.8,flat,1,reversable_defect,Presence
52,male,typical_angina,152,298,1,normal,178,no,1.2,flat,0,reversable_defect,Absence
60,female,non_anginal_pain,102,318,0,normal,160,no,0,upsloping,1,normal,Absence
58,male,non_anginal_pain,105,240,0,ventricular_hypertrophy,154,yes,0.6,flat,0,reversable_defect,Absence
64,male,non_anginal_pain,125,309,0,normal,131,yes,1.8,flat,0,reversable_defect,Presence
37,male,non_anginal_pain,130,250,0,normal,187,no,3.5,downsloping,0,normal,Absence
59,male,typical_angina,170,288,0,ventricular_hypertrophy,159,no,0.2,flat,0,reversable_defect,Presence
51,male,non_anginal_pain,125,245,1,ventricular_hypertrophy,166,no,2.4,flat,0,normal,Absence
43,female,non_anginal_pain,122,213,0,normal,165,no,0.2,flat,0,normal,Absence
58,male,asymptomatic,128,216,0,ventricular_hypertrophy,131,yes,2.2,flat,3,reversable_defect,Presence
29,male,atypical_angina,130,204,0,ventricular_hypertrophy,202,no,0,upsloping,0,normal,Absence
41,female,atypical_angina,130,204,0,ventricular_hypertrophy,172,no,1.4,upsloping,0,normal,Absence
63,female,non_anginal_pain,135,252,0,ventricular_hypertrophy,172,no,0,upsloping,0,normal,Absence
51,male,non_anginal_pain,94,227,0,normal,154,yes,0,upsloping,1,reversable_defect,Absence
54,male,non_anginal_pain,120,258,0,ventricular_hypertrophy,147,no,0.4,flat,0,reversable_defect,Absence
44,male,atypical_angina,120,220,0,normal,170,no,0,upsloping,0,normal,Absence
54,male,asymptomatic,110,239,0,normal,126,yes,2.8,flat,1,reversable_defect,Presence
65,male,asymptomatic,135,254,0,ventricular_hypertrophy,127,no,2.8,flat,1,reversable_defect,Presence
57,male,non_anginal_pain,150,168,0,normal,174,no,1.6,upsloping,0,normal,Absence
63,male,asymptomatic,130,330,1,ventricular_hypertrophy,132,yes,1.8,upsloping,3,reversable_defect,Presence
35,female,asymptomatic,138,183,0,normal,182,no,1.4,upsloping,0,normal,Absence
41,male,atypical_angina,135,203,0,normal,132,no,0,flat,0,fixed_defect,Absence
62,female,non_anginal_pain,130,263,0,normal,97,no,1.2,flat,1,reversable_defect,Presence
43,female,asymptomatic,132,341,1,ventricular_hypertrophy,136,yes,3,flat,0,reversable_defect,Presence
58,female,typical_angina,150,283,1,ventricular_hypertrophy,162,no,1,upsloping,0,normal,Absence
52,male,typical_angina,118,186,0,ventricular_hypertrophy,190,no,0,flat,0,fixed_defect,Absence
61,female,asymptomatic,145,307,0,ventricular_hypertrophy,146,yes,1,flat,0,reversable_defect,Presence
39,male,asymptomatic,118,219,0,normal,140,no,1.2,flat,0,reversable_defect,Presence
45,male,asymptomatic,115,260,0,ventricular_hypertrophy,185,no,0,upsloping,0,normal,Absence
52,male,asymptomatic,128,255,0,normal,161,yes,0,upsloping,1,reversable_defect,Presence
62,male,non_anginal_pain,130,231,0,normal,146,no,1.8,flat,3,reversable_defect,Absence
62,female,asymptomatic,160,164,0,ventricular_hypertrophy,145,no,6.2,downsloping,3,reversable_defect,Presence
53,female,asymptomatic,138,234,0,ventricular_hypertrophy,160,no,0,upsloping,0,normal,Absence
43,male,asymptomatic,120,177,0,ventricular_hypertrophy,120,yes,2.5,flat,0,reversable_defect,Presence
47,male,non_anginal_pain,138,257,0,ventricular_hypertrophy,156,no,0,upsloping,0,normal,Absence
52,male,atypical_angina,120,325,0,normal,172,no,0.2,upsloping,0,normal,Absence
68,male,non_anginal_pain,180,274,1,ventricular_hypertrophy,150,yes,1.6,flat,0,reversable_defect,Presence
39,male,non_anginal_pain,140,321,0,ventricular_hypertrophy,182,no,0,upsloping,0,normal,Absence
53,female,asymptomatic,130,264,0,ventricular_hypertrophy,143,no,0.4,flat,0,normal,Absence
62,female,asymptomatic,140,268,0,ventricular_hypertrophy,160,no,3.6,downsloping,2,normal,Presence
51,female,non_anginal_pain,140,308,0,ventricular_hypertrophy,142,no,1.5,upsloping,1,normal,Absence
60,male,asymptomatic,130,253,0,normal,144,yes,1.4,upsloping,1,reversable_defect,Presence
65,male,asymptomatic,110,248,0,ventricular_hypertrophy,158,no,0.6,upsloping,2,fixed_defect,Presence
65,female,non_anginal_pain,155,269,0,normal,148,no,0.8,upsloping,0,normal,Absence
60,male,non_anginal_pain,140,185,0,ventricular_hypertrophy,155,no,3,flat,0,normal,Presence
60,male,asymptomatic,145,282,0,ventricular_hypertrophy,142,yes,2.8,flat,2,reversable_defect,Presence
54,male,asymptomatic,120,188,0,normal,113,no,1.4,flat,1,reversable_defect,Presence
44,male,atypical_angina,130,219,0,ventricular_hypertrophy,188,no,0,upsloping,0,normal,Absence
44,male,asymptomatic,112,290,0,ventricular_hypertrophy,153,no,0,upsloping,1,normal,Presence
51,male,non_anginal_pain,110,175,0,normal,123,no,0.6,upsloping,0,normal,Absence
59,male,non_anginal_pain,150,212,1,normal,157,no,1.6,upsloping,0,normal,Absence
71,female,atypical_angina,160,302,0,normal,162,no,0.4,upsloping,2,normal,Absence
61,male,non_anginal_pain,150,243,1,normal,137,yes,1,flat,0,normal,Absence
55,male,asymptomatic,132,353,0,normal,132,yes,1.2,flat,1,reversable_defect,Presence
64,male,non_anginal_pain,140,335,0,normal,158,no,0,upsloping,0,normal,Presence
43,male,asymptomatic,150,247,0,normal,171,no,1.5,upsloping,0,normal,Absence
58,female,non_anginal_pain,120,340,0,normal,172,no,0,upsloping,0,normal,Absence
60,male,asymptomatic,130,206,0,ventricular_hypertrophy,132,yes,2.4,flat,2,reversable_defect,Presence
58,male,atypical_angina,120,284,0,ventricular_hypertrophy,160,no,1.8,flat,0,normal,Presence
49,male,atypical_angina,130,266,0,normal,171,no,0.6,upsloping,0,normal,Absence
48,male,atypical_angina,110,229,0,normal,168,no,1,downsloping,0,reversable_defect,Presence
52,male,non_anginal_pain,172,199,1,normal,162,no,0.5,upsloping,0,reversable_defect,Absence
44,male,atypical_angina,120,263,0,normal,173,no,0,upsloping,0,reversable_defect,Absence
56,female,atypical_angina,140,294,0,ventricular_hypertrophy,153,no,1.3,flat,0,normal,Absence
57,male,asymptomatic,140,192,0,normal,148,no,0.4,flat,0,fixed_defect,Absence
67,male,asymptomatic,160,286,0,ventricular_hypertrophy,108,yes,1.5,flat,3,normal,Presence
