PassengerId,Aktual,Prediksi,Salah
892,0,0,False
893,1,0,True
894,0,1,True
895,0,1,True
896,1,0,True
897,0,0,False
898,1,0,True
899,0,0,False
900,1,1,False
901,0,0,False
902,0,0,False
903,0,0,False
904,1,1,False
905,0,1,True
906,1,1,False
907,1,1,False
908,0,0,False
909,0,1,True
910,1,1,False
911,1,0,True
912,0,0,False
913,0,1,True
914,1,1,False
915,0,0,False
916,1,1,False
917,0,0,False
918,1,1,False
919,0,1,True
920,0,1,True
921,0,0,False
922,0,0,False
923,0,0,False
924,1,1,False
925,1,0,True
926,0,0,False
927,0,0,False
928,1,0,True
929,1,0,True
930,0,0,False
931,0,0,False
932,0,0,False
933,0,0,False
934,0,0,False
935,1,1,False
936,1,1,False
937,0,0,False
938,0,0,False
939,0,0,False
940,1,1,False
941,1,1,False
942,0,1,True
943,0,0,False
944,1,1,False
945,1,1,False
946,0,0,False
947,0,0,False
948,0,0,False
949,0,0,False
950,0,0,False
951,1,1,False
952,0,0,False
953,0,0,False
954,0,0,False
955,1,1,False
956,0,1,True
957,1,1,False
958,1,0,True
959,0,0,False
960,0,0,False
961,1,1,False
962,1,1,False
963,0,0,False
964,1,0,True
965,0,1,True
966,1,1,False
967,0,1,True
968,0,0,False
969,1,1,False
970,0,0,False
971,1,1,False
972,0,1,True
973,0,0,False
974,0,1,True
975,0,0,False
976,0,0,False
977,0,0,False
978,1,1,False
979,1,1,False
980,1,0,True
981,0,1,True
982,1,0,True
983,0,0,False
984,1,1,False
985,0,0,False
986,0,1,True
987,0,0,False
988,1,1,False
989,0,1,True
990,1,1,False
991,0,0,False
992,1,1,False
993,0,0,False
994,0,0,False
995,0,0,False
996,1,1,False
997,0,0,False
998,0,0,False
999,0,0,False
1000,0,0,False
1001,0,0,False
1002,0,0,False
1003,1,0,True
1004,1,1,False
1005,1,1,False
1006,1,1,False
1007,0,0,False
1008,0,0,False
1009,1,1,False
1010,0,0,False
1011,1,1,False
1012,1,1,False
1013,0,0,False
1014,1,1,False
1015,0,0,False
1016,0,0,False
1017,1,0,True
1018,0,0,False
1019,1,0,True
1020,0,0,False
1021,0,0,False
1022,0,1,True
1023,0,1,True
1024,1,0,True
1025,0,0,False
1026,0,0,False
1027,0,0,False
1028,0,1,True
1029,0,0,False
1030,1,0,True
1031,0,0,False
1032,1,0,True
1033,1,0,True
1034,0,0,False
1035,0,0,False
1036,0,1,True
1037,0,1,True
1038,0,0,False
1039,0,0,False
1040,0,0,False
1041,0,0,False
1042,1,1,False
1043,0,0,False
1044,0,0,False
1045,1,0,True
1046,0,0,False
1047,0,0,False
1048,1,1,False
1049,1,1,False
1050,0,1,True
1051,1,1,False
1052,1,0,True
1053,0,1,True
1054,1,1,False
1055,0,0,False
1056,0,0,False
1057,1,0,True
1058,0,1,True
1059,0,0,False
1060,1,1,False
1061,1,0,True
1062,0,0,False
1063,0,1,True
1064,0,0,False
1065,0,0,False
1066,0,0,False
1067,1,1,False
1068,1,1,False
1069,0,0,False
1070,1,1,False
1071,1,1,False
1072,0,0,False
1073,0,0,False
1074,1,1,False
1075,0,0,False
1076,1,1,False
1077,0,0,False
1078,1,1,False
1079,0,0,False
1080,1,0,True
1081,0,0,False
1082,0,0,False
1083,0,0,False
1084,0,1,True
1085,0,0,False
1086,0,1,True
1087,0,0,False
1088,0,1,True
1089,1,0,True
1090,0,0,False
1091,1,0,True
1092,1,1,False
1093,0,1,True
1094,0,0,False
1095,1,1,False
1096,0,0,False
1097,0,0,False
1098,1,0,True
1099,0,0,False
1100,1,1,False
1101,0,0,False
1102,0,1,True
1103,0,0,False
1104,0,0,False
1105,1,1,False
1106,1,0,True
1107,0,0,False
1108,1,0,True
1109,0,0,False
1110,1,1,False
1111,0,0,False
1112,1,1,False
1113,0,0,False
1114,1,1,False
1115,0,1,True
1116,1,1,False
1117,1,1,False
1118,0,0,False
1119,1,0,True
1120,0,0,False
1121,0,0,False
1122,0,0,False
1123,1,1,False
1124,0,0,False
1125,0,0,False
1126,0,1,True
1127,0,0,False
1128,0,0,False
1129,0,1,True
1130,1,1,False
1131,1,1,False
1132,1,1,False
1133,1,1,False
1134,0,0,False
1135,0,0,False
1136,0,0,False
1137,0,0,False
1138,1,1,False
1139,0,0,False
1140,1,1,False
1141,1,1,False
1142,1,1,False
1143,0,0,False
1144,0,0,False
1145,0,0,False
1146,0,0,False
1147,0,0,False
1148,0,0,False
1149,0,0,False
1150,1,1,False
1151,0,0,False
1152,0,0,False
1153,0,0,False
1154,1,1,False
1155,1,1,False
1156,0,0,False
1157,0,0,False
1158,0,0,False
1159,0,0,False
1160,1,0,True
1161,0,0,False
1162,0,0,False
1163,0,0,False
1164,1,1,False
1165,1,1,False
1166,0,0,False
1167,1,1,False
1168,0,0,False
1169,0,0,False
1170,0,0,False
1171,0,0,False
1172,1,0,True
1173,0,1,True
1174,1,0,True
1175,1,0,True
1176,1,0,True
1177,0,0,False
1178,0,0,False
1179,0,0,False
1180,0,0,False
1181,0,0,False
1182,0,0,False
1183,1,0,True
1184,0,0,False
1185,0,0,False
1186,0,0,False
1187,0,0,False
1188,1,1,False
1189,0,0,False
1190,0,0,False
1191,0,0,False
1192,0,0,False
1193,0,0,False
1194,0,0,False
1195,0,0,False
1196,1,0,True
1197,1,1,False
1198,0,0,False
1199,0,1,True
1200,0,1,True
1201,1,0,True
1202,0,0,False
1203,0,1,True
1204,0,0,False
1205,1,0,True
1206,1,1,False
1207,1,0,True
1208,0,0,False
1209,0,0,False
1210,0,0,False
1211,0,0,False
1212,0,0,False
1213,0,0,False
1214,0,0,False
1215,0,0,False
1216,1,1,False
1217,0,0,False
1218,1,1,False
1219,0,0,False
1220,0,0,False
1221,0,0,False
1222,1,1,False
1223,0,0,False
1224,0,0,False
1225,1,0,True
1226,0,0,False
1227,0,0,False
1228,0,0,False
1229,0,0,False
1230,0,0,False
1231,0,0,False
1232,0,0,False
1233,0,0,False
1234,0,0,False
1235,1,1,False
1236,0,0,False
1237,1,1,False
1238,0,0,False
1239,1,0,True
1240,0,0,False
1241,1,1,False
1242,1,1,False
1243,0,0,False
1244,0,0,False
1245,0,0,False
1246,1,0,True
1247,0,1,True
1248,1,1,False
1249,0,0,False
1250,0,0,False
1251,1,1,False
1252,0,1,True
1253,1,1,False
1254,1,1,False
1255,0,1,True
1256,1,1,False
1257,1,0,True
1258,0,0,False
1259,1,0,True
1260,1,1,False
1261,0,0,False
1262,0,0,False
1263,1,1,False
1264,0,1,True
1265,0,0,False
1266,1,1,False
1267,1,1,False
1268,1,0,True
1269,0,0,False
1270,0,0,False
1271,0,1,True
1272,0,0,False
1273,0,0,False
1274,1,1,False
1275,1,0,True
1276,0,0,False
1277,1,1,False
1278,0,0,False
1279,0,0,False
1280,0,0,False
1281,0,0,False
1282,0,0,False
1283,1,1,False
1284,0,0,False
1285,0,0,False
1286,0,0,False
1287,1,1,False
1288,0,0,False
1289,1,1,False
1290,0,0,False
1291,0,0,False
1292,1,1,False
1293,0,0,False
1294,1,1,False
1295,0,0,False
1296,0,0,False
1297,0,0,False
1298,0,0,False
1299,0,1,True
1300,1,0,True
1301,1,1,False
1302,1,0,True
1303,1,1,False
1304,1,1,False
1305,0,0,False
1306,1,1,False
1307,0,0,False
1308,0,0,False
1309,0,0,False
